{
  "T02_Enter_the_Store" : {
    "transaction" : "T02_Enter_the_Store",
    "sampleCount" : 3,
    "errorCount" : 0,
    "errorPct" : 0.0,
    "meanResTime" : 41.666666666666664,
    "medianResTime" : 42.0,
    "minResTime" : 40.0,
    "maxResTime" : 43.0,
    "pct1ResTime" : 43.0,
    "pct2ResTime" : 43.0,
    "pct3ResTime" : 43.0,
    "throughput" : 9.09090909090909,
    "receivedKBytesPerSec" : 48.10901988636363,
    "sentKBytesPerSec" : 6.516335227272727
  },
  "T11_Sign_Out" : {
    "transaction" : "T11_Sign_Out",
    "sampleCount" : 3,
    "errorCount" : 0,
    "errorPct" : 0.0,
    "meanResTime" : 117.33333333333333,
    "medianResTime" : 119.0,
    "minResTime" : 114.0,
    "maxResTime" : 119.0,
    "pct1ResTime" : 119.0,
    "pct2ResTime" : 119.0,
    "pct3ResTime" : 119.0,
    "throughput" : 8.064516129032258,
    "receivedKBytesPerSec" : 76.77828881048387,
    "sentKBytesPerSec" : 19.184727822580644
  },
  "launch-1" : {
    "transaction" : "launch-1",
    "sampleCount" : 3,
    "errorCount" : 0,
    "errorPct" : 0.0,
    "meanResTime" : 243.0,
    "medianResTime" : 167.0,
    "minResTime" : 125.0,
    "maxResTime" : 437.0,
    "pct1ResTime" : 437.0,
    "pct2ResTime" : 437.0,
    "pct3ResTime" : 437.0,
    "throughput" : 4.126547455295736,
    "receivedKBytesPerSec" : 5.8110170220082535,
    "sentKBytesPerSec" : 2.8853593535075652
  },
  "T01_Launch" : {
    "transaction" : "T01_Launch",
    "sampleCount" : 3,
    "errorCount" : 0,
    "errorPct" : 0.0,
    "meanResTime" : 243.0,
    "medianResTime" : 167.0,
    "minResTime" : 125.0,
    "maxResTime" : 437.0,
    "pct1ResTime" : 437.0,
    "pct2ResTime" : 437.0,
    "pct3ResTime" : 437.0,
    "throughput" : 3.8809831824062098,
    "receivedKBytesPerSec" : 5.4652126455368695,
    "sentKBytesPerSec" : 2.7136562095730916
  },
  "T11_Return_to_Main_Menu" : {
    "transaction" : "T11_Return_to_Main_Menu",
    "sampleCount" : 3,
    "errorCount" : 0,
    "errorPct" : 0.0,
    "meanResTime" : 42.666666666666664,
    "medianResTime" : 44.0,
    "minResTime" : 40.0,
    "maxResTime" : 44.0,
    "pct1ResTime" : 44.0,
    "pct2ResTime" : 44.0,
    "pct3ResTime" : 44.0,
    "throughput" : 9.900990099009901,
    "receivedKBytesPerSec" : 47.35844678217822,
    "sentKBytesPerSec" : 8.044554455445544
  },
  "Click Fish-33" : {
    "transaction" : "Click Fish-33",
    "sampleCount" : 3,
    "errorCount" : 0,
    "errorPct" : 0.0,
    "meanResTime" : 38.666666666666664,
    "medianResTime" : 39.0,
    "minResTime" : 38.0,
    "maxResTime" : 39.0,
    "pct1ResTime" : 39.0,
    "pct2ResTime" : 39.0,
    "pct3ResTime" : 39.0,
    "throughput" : 9.868421052631579,
    "receivedKBytesPerSec" : 36.80419921875,
    "sentKBytesPerSec" : 8.085552014802632
  },
  "Confirm-43" : {
    "transaction" : "Confirm-43",
    "sampleCount" : 3,
    "errorCount" : 0,
    "errorPct" : 0.0,
    "meanResTime" : 41.333333333333336,
    "medianResTime" : 42.0,
    "minResTime" : 40.0,
    "maxResTime" : 42.0,
    "pct1ResTime" : 42.0,
    "pct2ResTime" : 42.0,
    "pct3ResTime" : 42.0,
    "throughput" : 9.836065573770492,
    "receivedKBytesPerSec" : 49.334016393442624,
    "sentKBytesPerSec" : 7.972592213114754
  },
  "T03_Click_Sign_In" : {
    "transaction" : "T03_Click_Sign_In",
    "sampleCount" : 3,
    "errorCount" : 0,
    "errorPct" : 0.0,
    "meanResTime" : 40.333333333333336,
    "medianResTime" : 40.0,
    "minResTime" : 38.0,
    "maxResTime" : 43.0,
    "pct1ResTime" : 43.0,
    "pct2ResTime" : 43.0,
    "pct3ResTime" : 43.0,
    "throughput" : 9.230769230769232,
    "receivedKBytesPerSec" : 34.70853365384615,
    "sentKBytesPerSec" : 7.797475961538462
  },
  "Click Sign In-24" : {
    "transaction" : "Click Sign In-24",
    "sampleCount" : 3,
    "errorCount" : 0,
    "errorPct" : 0.0,
    "meanResTime" : 40.333333333333336,
    "medianResTime" : 40.0,
    "minResTime" : 38.0,
    "maxResTime" : 43.0,
    "pct1ResTime" : 43.0,
    "pct2ResTime" : 43.0,
    "pct3ResTime" : 43.0,
    "throughput" : 9.09090909090909,
    "receivedKBytesPerSec" : 34.18264678030303,
    "sentKBytesPerSec" : 7.679332386363636
  },
  "T04_Login" : {
    "transaction" : "T04_Login",
    "sampleCount" : 3,
    "errorCount" : 0,
    "errorPct" : 0.0,
    "meanResTime" : 120.0,
    "medianResTime" : 124.0,
    "minResTime" : 111.0,
    "maxResTime" : 125.0,
    "pct1ResTime" : 125.0,
    "pct2ResTime" : 125.0,
    "pct3ResTime" : 125.0,
    "throughput" : 7.5,
    "receivedKBytesPerSec" : 73.3447265625,
    "sentKBytesPerSec" : 22.822265625
  },
  "Add to cart-37" : {
    "transaction" : "Add to cart-37",
    "sampleCount" : 3,
    "errorCount" : 0,
    "errorPct" : 0.0,
    "meanResTime" : 40.0,
    "medianResTime" : 40.0,
    "minResTime" : 40.0,
    "maxResTime" : 40.0,
    "pct1ResTime" : 40.0,
    "pct2ResTime" : 40.0,
    "pct3ResTime" : 40.0,
    "throughput" : 9.933774834437086,
    "receivedKBytesPerSec" : 44.22664010761589,
    "sentKBytesPerSec" : 8.468931084437086
  },
  "Return to Main Menu-44" : {
    "transaction" : "Return to Main Menu-44",
    "sampleCount" : 3,
    "errorCount" : 0,
    "errorPct" : 0.0,
    "meanResTime" : 42.666666666666664,
    "medianResTime" : 44.0,
    "minResTime" : 40.0,
    "maxResTime" : 44.0,
    "pct1ResTime" : 44.0,
    "pct2ResTime" : 44.0,
    "pct3ResTime" : 44.0,
    "throughput" : 9.868421052631579,
    "receivedKBytesPerSec" : 47.20266241776316,
    "sentKBytesPerSec" : 8.018092105263158
  },
  "T07_Add_to_cart" : {
    "transaction" : "T07_Add_to_cart",
    "sampleCount" : 3,
    "errorCount" : 0,
    "errorPct" : 0.0,
    "meanResTime" : 40.0,
    "medianResTime" : 40.0,
    "minResTime" : 40.0,
    "maxResTime" : 40.0,
    "pct1ResTime" : 40.0,
    "pct2ResTime" : 40.0,
    "pct3ResTime" : 40.0,
    "throughput" : 9.933774834437086,
    "receivedKBytesPerSec" : 44.22664010761589,
    "sentKBytesPerSec" : 8.468931084437086
  },
  "Proceed to Checkout-39" : {
    "transaction" : "Proceed to Checkout-39",
    "sampleCount" : 3,
    "errorCount" : 0,
    "errorPct" : 0.0,
    "meanResTime" : 39.333333333333336,
    "medianResTime" : 40.0,
    "minResTime" : 38.0,
    "maxResTime" : 40.0,
    "pct1ResTime" : 40.0,
    "pct2ResTime" : 40.0,
    "pct3ResTime" : 40.0,
    "throughput" : 9.900990099009901,
    "receivedKBytesPerSec" : 51.36138613861386,
    "sentKBytesPerSec" : 8.247602103960396
  },
  "T09_Continue" : {
    "transaction" : "T09_Continue",
    "sampleCount" : 3,
    "errorCount" : 0,
    "errorPct" : 0.0,
    "meanResTime" : 43.333333333333336,
    "medianResTime" : 45.0,
    "minResTime" : 40.0,
    "maxResTime" : 45.0,
    "pct1ResTime" : 45.0,
    "pct2ResTime" : 45.0,
    "pct3ResTime" : 45.0,
    "throughput" : 9.933774834437086,
    "receivedKBytesPerSec" : 43.09162872516556,
    "sentKBytesPerSec" : 14.008174668874172
  },
  "Login-28" : {
    "transaction" : "Login-28",
    "sampleCount" : 3,
    "errorCount" : 0,
    "errorPct" : 0.0,
    "meanResTime" : 81.0,
    "medianResTime" : 85.0,
    "minResTime" : 73.0,
    "maxResTime" : 85.0,
    "pct1ResTime" : 85.0,
    "pct2ResTime" : 85.0,
    "pct3ResTime" : 85.0,
    "throughput" : 8.547008547008549,
    "receivedKBytesPerSec" : 42.70165598290598,
    "sentKBytesPerSec" : 18.57138087606838
  },
  "Enter the Store-7" : {
    "transaction" : "Enter the Store-7",
    "sampleCount" : 3,
    "errorCount" : 0,
    "errorPct" : 0.0,
    "meanResTime" : 41.666666666666664,
    "medianResTime" : 42.0,
    "minResTime" : 40.0,
    "maxResTime" : 43.0,
    "pct1ResTime" : 43.0,
    "pct2ResTime" : 43.0,
    "pct3ResTime" : 43.0,
    "throughput" : 9.00900900900901,
    "receivedKBytesPerSec" : 47.67560529279279,
    "sentKBytesPerSec" : 6.457629504504504
  },
  "Login-29" : {
    "transaction" : "Login-29",
    "sampleCount" : 3,
    "errorCount" : 0,
    "errorPct" : 0.0,
    "meanResTime" : 39.0,
    "medianResTime" : 39.0,
    "minResTime" : 38.0,
    "maxResTime" : 40.0,
    "pct1ResTime" : 40.0,
    "pct2ResTime" : 40.0,